Header_Length,Protocol Type,Time_To_Live,Rate,fin_flag_number,syn_flag_number,rst_flag_number,psh_flag_number,ack_flag_number,ece_flag_number,cwr_flag_number,ack_count,syn_count,fin_count,rst_count,HTTP,HTTPS,DNS,Telnet,SMTP,SSH,IRC,TCP,UDP,DHCP,ARP,ICMP,IGMP,IPv,LLC,Tot sum,Min,Max,AVG,Std,Tot size,IAT,Number,Variance,Label,command_text
3.3981798859926577,10.056742745259024,59.240970076091585,-9281.181657236077,-0.14339418278327548,0.24957028050120364,0.13896979686636296,-0.691889118296548,0.10281033647626721,-0.0027618840347305713,0.0,43.48439764563694,58.21262089885238,33.53565750923839,48.2661154762838,0.46311047438531583,0.17064185119460823,-0.0033441476581086826,0.0,0.0,0.0,0.0,-0.32234062629257,-0.21714564085775154,-0.00042301998520335933,-0.004299967188524027,-0.26564639643305077,0.0,0.9932905924913458,1.0026912099705476,22012.192468602923,41.91636617332033,1240.910907232172,16.847312760637507,-190.91521217656663,37.91039084522538,0.004165587644969177,90.6969825586704,-7760.443389332184,DDOS-RSTFINFLOOD,ncat --udp TARGET_IP PORT < /dev/zero
14.233641151875771,-0.11448934149830414,69.39276016176989,74610.10887287566,0.12257671418649188,-0.5440403843010728,0.1687186643331573,0.2963340495943225,-0.3025823147902607,0.0075579369328214775,0.0,-4.340111542530055,-16.614348426310137,-14.685157406182245,4.764414102428356,-0.05456809175813069,0.08551393775393966,-0.0012210851012954538,0.0,0.0,0.0,0.0,0.5018639853536925,-1.1067860490759545,0.0009289372688925547,0.000208561163783782,0.2070993786802881,0.0,0.9860233785874661,0.9867320202780859,15903.821210851667,-45.803143670580496,-715.5885199238884,90.99171830242703,-199.4913509537751,281.3987594275587,0.0025773425568897607,150.83683583143574,-38438.13429604973,DDOS-ICMP_FRAGMENTATION,while true; do nc TARGET_IP PORT < /dev/zero; done
6.876331314532231,9.065462298288208,66.05523055047378,106922.48853893479,-0.09748918536504443,-0.07680170278239987,-0.4323155019240886,0.38418941556506236,0.7010137149501006,-0.003892639631354094,0.0,57.045683008753386,34.84059286666191,-1.9780909649323792,5.802388626317153,0.16042326640245644,0.6263953066455554,-0.003130058142770218,0.0,0.0,0.0,0.0,0.3193665345732858,-0.02247873461707317,0.0009780939962041046,-0.0027557444580993103,-0.31448893805954037,0.0,1.0238755375588469,0.9834416764372986,6399.021807225561,95.23215428879377,147.13716954071845,48.914466486492856,-17.39310126703603,-21.168580072934844,0.002102740905560575,125.74782338346738,183808.56109989696,DDOS-TCP_FLOOD,hping3 -S -p 80 --fast -i u100 --flood 192.168.1.1
1.7986752729946893,20.058511119848966,68.87252498818911,55699.93680600524,-0.15239943882632428,-0.04585381732171176,0.2871790038476218,0.21263183369030286,0.0707953519103182,-0.0027033306005909905,0.0,15.808140293134366,-20.970367513913274,-10.356422433334444,-30.172584381038803,-0.009773640990405737,-0.11690971999543365,-0.00219188332019989,0.0,0.0,0.0,0.0,0.6518639144414162,0.3517104520295551,-2.3102656998285403e-05,-0.033725610601911454,-0.18163658615972103,0.0,0.9678196751223855,0.9816055807854287,10125.065996144394,18.571000511742035,327.8536724262397,201.71793657510517,94.98894355061114,384.5933158327993,0.00011658510820397036,76.23162913729584,-14040.04049083048,DOS-SYN_FLOOD,while true; do nc TARGET_IP PORT < /dev/zero; done
14.610027339312243,9.829460143179453,62.07599120628318,-12309.064493414211,-0.06982907948905619,0.574289946914401,-0.05463335287476999,0.6406523221545135,-0.2778562680884948,0.006754567420542563,0.0,44.19386846900063,17.222639339565337,38.47617776801155,-32.2255855133246,0.4031251880930684,0.2107270893753393,0.00212781345065794,0.0,0.0,0.0,0.0,0.7881567320197609,0.4616571863766564,0.0004832228618146074,0.004552889624630807,0.9616162675498396,0.0,1.0089351579991404,0.9911946758039031,11800.534376687607,31.14597526617466,-642.7853527025808,14.819122452983024,-121.61412282810711,14.980430429647853,0.0004507604787564043,93.87421264048376,-50188.44364492291,DDOS-PSHACK_FLOOD,while true; do nc TARGET_IP PORT < /dev/zero; done
14.436920622086745,1.2273755333688126,68.20643497645123,14461.487838969242,-0.24457142810489507,0.15146429465674605,0.5975052506594756,-0.1823251983328049,-0.5663038979510763,0.004852329177125922,0.0,66.64734919912794,54.111690099904266,-16.618576786305436,-2.4607618348450515,0.06116106889762287,-0.3714943970419139,-0.002625153459408916,0.0,0.0,0.0,0.0,1.4818375129233414,0.47401091476456014,-0.0010684137483882791,0.020452793113577557,-0.280813973939948,0.0,0.9745713958901363,1.0266317387135881,32617.324275236213,36.30057301483708,455.53811260414625,127.73104722313151,196.581332650538,-23.595382259207753,9.273599335779894e-05,53.379645210461035,24476.555969971458,DDOS-RSTFINFLOOD,while true; do nc TARGET_IP PORT < /dev/zero; done
7.218682946791642,-2.240252495152556,61.7986138531877,71715.3202033159,-0.2282767610440094,0.1409149914475393,0.2981740734380852,0.32109272085629104,0.11938262499240422,0.00022931203623867614,0.0,35.58713932366986,-4.0634432319392,13.408573083355373,20.494929096595286,-0.2852738116291497,0.4110028084529409,0.0013961825267719608,0.0,0.0,0.0,0.0,0.4096872489987106,0.5504212113247435,-0.0014405368168185848,0.03446684238832963,0.24596759089731524,0.0,1.0513905325790323,1.0024140752439796,-1651.3983486957704,105.19845867780876,-654.0761050735342,212.67623542059016,-93.45014586771002,-241.36260660059463,0.0015184502101641773,107.44684211143338,162393.74715399457,DOS-UDP_FLOOD,python3 flood.py -t 10.0.0.2 -p 53 --rate 10000
7.8847340017356755,-3.7773113595893895,53.40661607483084,57597.499452114396,-0.26492677936129627,0.2467726513087069,-0.10272489078179296,-0.1755112257943869,0.013190411956002096,-0.0019742971406674164,0.0,39.439019431276684,-52.35339758244411,20.537467119283658,-27.78013495939758,0.24340371900059662,0.03972863726260574,-0.0034903196671618583,0.0,0.0,0.0,0.0,-0.44362419533589814,-0.2651979508688277,0.00010547405871834662,0.032932436829444196,0.07310337844692777,0.0,0.9819880264937632,0.9797769947529451,17672.830614523737,107.5776972728704,-30.97964474117134,205.19507767691948,-113.77496081827515,336.9686254781627,6.9601051858086e-05,107.88558942176425,-51094.87834061077,DDOS-ICMP_FLOOD,ping -f -s 65000 -c 10000 TARGET_IP
1.0965447096589003,7.129950646735643,60.727045020743034,94356.75194049806,-0.13119615802178047,0.6263980131176539,0.07064114559370412,0.40645162557747927,0.23837640545703,0.008315657636374032,0.0,28.33185498509193,59.82233005846149,-10.884920825333857,-4.41019921855688,0.16816960755902208,0.22386670481006365,0.0033414247574039503,0.0,0.0,0.0,0.0,0.7471895358867202,0.5933872705770027,0.0012949206757681398,-0.02368220945904135,0.21951217344554713,0.0,1.0039768215659965,0.9819305426019909,-10566.28743865476,-78.62825243633968,557.6225696008362,103.97915614360343,91.39666533983667,-137.60293490389662,-0.0014619587421030918,52.10135350066444,101191.24221048366,DDOS-UDP_FLOOD,hping3 -S -p 80 --fast -i u100 --flood 192.168.1.1
4.4952178234683,6.763842773595123,62.89454890748167,139407.81802707922,0.11468282777374257,-0.0917938208233314,-0.023161423097215625,0.037359161500405205,-0.5987295858182067,0.01109776851179315,0.0,55.134176784322676,39.56633508396416,-10.723099963475548,5.470894112426506,-0.1805040294550939,0.033461882163724505,0.003760336267631228,0.0,0.0,0.0,0.0,0.5112501783852462,-0.3591924541697282,-0.0002039273115438008,0.09165213586473282,0.271260510999172,0.0,0.946789850769566,0.9594793814654009,9270.471288384826,36.73409123649071,-474.567188919661,457.3069272465072,25.705898105529894,252.60206273837633,0.0026740637931498674,40.88683438311337,163268.7972324416,BENIGN,while true; do nc TARGET_IP PORT < /dev/zero; done
34.19913442202581,3.7732977064541524,63.997688668271174,34540.60267778399,0.16080047177456117,-0.2068795575083137,0.2243468116831182,-0.06537726981551767,0.2800611756961128,0.00047230951492443384,0.0,-14.005384436673276,62.69734124514585,-33.40128010830148,8.105184832002863,0.28893678198690814,0.8930912897447761,0.0004904710729273147,0.0,0.0,0.0,0.0,0.14314473954091694,-0.4830567429094309,0.0007259715152531566,0.008750789940327443,0.8367912941217673,0.0,1.0119562359825505,1.0182401474014648,8553.045880738975,99.68998293322541,118.14051678244917,-45.10818227841074,208.71412990518854,382.8262950135835,0.0002358339901300477,139.13014764544545,151601.43581859604,DOS-UDP_FLOOD,echo test > /dev/null
6.086894112469967,1.555525369925916,72.19605334380284,49268.20500008221,0.020692364155156268,0.6686649585424786,-0.42102762911449204,0.20926172099291604,-0.6770456640073722,0.00026731380412851533,0.0,20.363051488283077,66.27655347673374,-15.234119615912089,9.833290332908497,0.09057529701419526,0.4153126486127887,0.0018120824880712113,0.0,0.0,0.0,0.0,0.5416452096912734,-0.41642152275848954,0.000881498642526721,-0.018357313397105314,0.3644017168574328,0.0,1.0300049273861973,1.012553514224778,-7314.996700563009,105.27525341934022,340.79181777295787,26.98416445151136,-308.1324476244263,166.72812583160515,0.000840826965437864,123.6371652764079,-147545.10144846258,DDOS-SYNONYMOUSIP_FLOOD,ncat --udp TARGET_IP PORT < /dev/zero
32.194664193132226,5.584743620676602,68.58209047539842,61310.6733086712,-0.3559992108059327,0.1716007198659042,0.2374393366086584,0.494994949142191,0.16709453458692908,-0.01229954018907403,0.0,29.780693491631844,2.66751610512288,69.90848734408735,31.012507030976636,-0.3739004360240404,0.08912701245714716,0.0049168743016703926,0.0,0.0,0.0,0.0,0.5672028429589112,0.01154395669147551,-0.0021309454756296715,-0.022975669183359356,0.2058007868361928,0.0,0.9858402330296265,0.9994439858290405,17266.876283992187,33.494842094511164,682.7681500639408,156.97480699348705,-163.15384772191823,292.9940170274579,0.0024614266726988108,103.05581427777777,-129023.87119927858,DDOS-ICMP_FLOOD,ping -f -s 65000 -c 10000 TARGET_IP
17.142412497045918,12.182762775451021,60.90549332385262,-52459.488322493344,-0.0627632767836142,0.4001275384843287,0.27448243572621733,0.0908228686362049,0.5109763449750386,-0.0002864183786238032,0.0,42.600872404056446,-3.259618078505717,-2.260662501634494,52.115692046987704,0.15209449702099379,-0.14574106337908185,-0.0013644728149852549,0.0,0.0,0.0,0.0,0.7041013191544435,0.12703082077536637,-0.0004278737226734754,-0.019544939499374026,0.739154258157255,0.0,1.0056544382566037,0.9534640711409094,6400.885876260424,177.95679941356974,-167.63669137238372,47.354066971196275,-32.709686014004774,-41.1989048594952,0.0014754070767799905,75.84458512183889,66566.38150223973,DDOS-ICMP_FLOOD,while true; do nc TARGET_IP PORT < /dev/zero; done
17.06335056004068,16.729461151555352,68.40172296648761,77119.14436971463,-0.06779486610130357,0.09775262640184905,0.31062406703445117,0.21601338033156375,0.15317866167541208,0.005533268080545197,0.0,22.46564804699755,12.10050653040405,8.57256497856094,55.63537236893016,-0.2355455167718662,0.1891708748139133,-0.003062476667753275,0.0,0.0,0.0,0.0,0.46211492766437634,0.04018868880302981,-0.0017031240394625702,0.021352198064855294,-0.19631219828251403,0.0,1.0009995691979814,0.9732123805686405,8643.687022890279,-16.966777467224787,1107.2679020199798,235.8157849703466,155.32419994015737,303.535527702619,-0.002364224343799702,95.40307085996207,-120135.69345678734,DDOS-UDP_FLOOD,ncat --udp TARGET_IP PORT < /dev/zero
28.27012240913341,12.069851401709347,61.03871925429787,-31867.046955166283,0.24318861953503862,0.6086310832799481,0.07775851239177467,-0.2215307858751979,0.7562590266757188,0.012084398162273103,0.0,76.68813598724482,83.72967611637705,18.730899382582056,22.273005667424734,-0.2847235341048106,0.24355640044036214,0.00559305772301387,0.0,0.0,0.0,0.0,0.2609499697541941,1.0713152207017853,-0.002107791033306242,0.003581247211894016,0.7554581236332839,0.0,0.969066050214285,1.0132730110574606,4586.477971956472,78.56863687901185,-848.947920155569,-147.23017016286326,252.19127367884698,68.38431003937303,0.0006269099427401574,137.77299648257542,-38893.456299704005,DOS-TCP_FLOOD,"while true; do echo ""A"" | nc 10.0.0.2 8080 -w1 -p 12345; done"
14.22838231615068,10.415074941318412,68.59673146511925,39896.06058423395,0.4255658787560176,0.25069150748867824,0.9279263152675925,-0.14246729925149196,-0.009649524059869019,0.0046396001176481965,0.0,-29.14952353318577,1.1797416292102731,71.25136458470567,-15.89948717253329,-0.06763160517347708,-0.35330396143297227,0.0054188148738997625,0.0,0.0,0.0,0.0,0.8888523791524241,0.17581240536183004,-5.1419985773310545e-05,0.028734964939478025,0.2907736249062282,0.0,0.9877177929933427,1.0025463849283038,15918.235875300259,112.37962555068145,470.10921667662865,195.8350329539947,91.30782470565043,41.31904157662008,0.0014548796895735988,143.5211196250773,-42922.87721489571,DDOS-ICMP_FLOOD,while true; do nc TARGET_IP PORT < /dev/zero; done
-0.9162512617520981,15.614065908534021,59.502904304032306,-56083.57224288906,0.744423070765035,0.10152744716704437,0.28759301601699233,-0.015758798661411805,0.46033206319843634,-8.330320515639487e-05,0.0,13.099553437841637,52.83755203218644,13.228870585201875,-20.275232892592562,0.34788183919639687,-0.2034588194881107,-0.0030665797777334443,0.0,0.0,0.0,0.0,0.12205470439086663,-0.0590009940766453,-0.0029338916906385152,0.02408009652397949,-0.12268994051977597,0.0,0.9957862858038339,0.9906870085508798,903.8499120487841,114.85283942958776,776.854047891091,-73.38140684562978,48.13959429329881,-342.7523121080254,-0.00032837006308135554,101.4943187210386,246415.7028796768,DDOS-UDP_FLOOD,while true; do nc TARGET_IP PORT < /dev/zero; done
21.511704796592802,8.756429328020246,70.34714123719863,57398.99167866152,0.284178415668167,0.4566644993178476,-0.18332773890303328,-0.2099593122560138,1.0080730367062662,0.0043445646330727405,0.0,-37.39443771310705,111.1077550815086,1.5568075830442059,62.667120543592134,0.16395757353497115,-0.027916702968414142,-0.0010322903029646095,0.0,0.0,0.0,0.0,0.7447097643395949,0.01429544707854799,0.0018520785910452603,-0.008082420375785281,0.2720135587351727,0.0,0.9832807135713645,0.9762682553735222,27701.505798272985,103.16844767694336,14.279487602648885,256.4405621226086,-55.9796686482633,90.91335376210296,0.0007254405721837287,101.57445248710735,56267.064650501154,DDOS-SYNONYMOUSIP_FLOOD,python3 flood.py -t 10.0.0.2 -p 53 --rate 10000
3.8245316301913928,10.211320258441553,59.24476540790208,-17138.83415211185,0.0329421150637399,0.12412616404365484,-0.011687301019700516,0.29428350538272574,0.36661058418956843,0.0023058986885940696,0.0,-32.86735623000393,37.82357914001315,7.851703617713547,-19.99967202377369,-0.08253303994214545,0.40965857352976687,0.004295990000453552,0.0,0.0,0.0,0.0,0.25100703162332044,0.48418329558972906,-0.0014845926543673004,0.035896141060530025,0.06840902008449024,0.0,1.0553287452401485,1.0045060343779575,794.0225484995708,79.89595568055529,471.1192366631394,344.2911014665135,63.42440398527617,95.82035432826984,-0.0007158641842610518,73.62670605258202,20577.779476636955,DDOS-PSHACK_FLOOD,ping -f -s 65000 -c 10000 TARGET_IP
16.481911759387124,9.461835705479292,61.92430869707018,63491.695720426476,-0.35553829892055694,0.2801010864331382,0.196637193218229,-0.005996399016732795,-0.158228689448759,0.012262717045818213,0.0,-1.8228679462861628,34.070187170066774,22.98286105603422,-13.333471869138398,-0.3144114637325101,0.3148047839858029,0.0044908178761981846,0.0,0.0,0.0,0.0,1.007230235169223,-0.01613388073840516,-0.0006476861309565558,-0.0008046658650104717,0.14257283602897042,0.0,1.0268567304265945,0.9828132025091565,11575.864758172087,-20.310608176043658,134.96897302973633,211.9713345993722,-52.29960628735762,184.33641586333908,0.0014616464009595878,64.52963026631394,25186.53804450221,DOS-TCP_FLOOD,while true; do nc TARGET_IP PORT < /dev/zero; done
12.103982018440977,4.016230646201226,70.10746831726367,-31714.03206513,0.19055961671884153,-0.29941281408799814,-0.39129668882562346,0.3314888459303657,-0.3316797021561775,0.0059197939038728555,0.0,-22.436357054729633,34.219423368930386,48.26747773062555,-10.176936754701233,0.3583191336994642,-0.24518092956298407,-0.0005236505482748156,0.0,0.0,0.0,0.0,1.1859240395200557,1.096215019967768,0.00013010365924311676,0.03463003141805523,0.4921506332229153,0.0,0.9780694258597907,1.0325436231305007,-3069.010312620011,62.56312819171162,-178.6726594751163,207.4522819120308,-68.8647088792611,39.091663177267236,0.00022792627029945988,84.09070760205073,-45463.76695857082,DDOS-RSTFINFLOOD,hping3 -S -p 80 --fast -i u100 --flood 192.168.1.1
3.1058944084260496,12.19908010063223,68.31641223159453,149018.32657664747,-0.0014246457628873804,-0.386882423689643,0.1667453222297997,0.08719359392796382,0.15912316384018024,-0.0002885835866694614,0.0,44.17792135825825,61.05130792646457,-47.223569553983644,33.02095535660944,-0.025052886161631628,0.07974827645486171,-0.0036055057240923635,0.0,0.0,0.0,0.0,0.700830012601572,0.10034262605332671,0.0009447420959871246,0.022060640311204246,-0.14621046600386414,0.0,0.9681139048124203,1.0021227226604983,7095.414022314788,98.03179498414607,958.4130764622598,434.89508995704824,145.55232088114678,-16.795986660163635,-0.0032895605512426756,98.9643722039062,154992.4605000119,DDOS-RSTFINFLOOD,ncat --udp TARGET_IP PORT < /dev/zero
13.817188476088257,7.759929468114464,63.39511765492415,-33455.83443053257,0.4241531259935535,0.44558291239674663,-0.017008394338120264,0.4502042918767155,0.34332382127993366,0.0053283840212099325,0.0,38.24284099551959,-7.137391350750278,19.266834581219975,-28.840307741454865,0.1849820104983163,-0.5170646552166328,-0.0028899667171565354,0.0,0.0,0.0,0.0,0.952710089272774,0.620252879176964,-0.0013586305861504014,0.021028292876374085,0.10547265351964726,0.0,0.9792751184045514,1.0324988273326534,12263.927560732838,86.90647951478323,-758.2469619972734,328.0248928722012,-220.77918987213752,315.4296672313245,0.002368771454452189,63.593196244144636,156742.61792790113,DDOS-RSTFINFLOOD,ping -f -s 65000 -c 10000 TARGET_IP
6.416550020417593,6.969077324463121,71.46529092730744,85348.68011060177,-0.08912063680178368,0.3287806874781394,-0.020510443489728483,0.10558314467021165,0.12700590154192298,0.006551488328395918,0.0,22.95867374256748,12.107833141752742,8.59664567997909,0.37421520736044833,-0.31001320933413096,0.2656055829216116,0.0008957290546520513,0.0,0.0,0.0,0.0,1.221903279779248,0.04639089334074578,-0.0009839520223759773,-0.01269406477636019,-0.6326864424560806,0.0,0.9560365426516626,0.9970643942029327,-11737.689098847943,96.09624738590524,733.4454459506585,177.11000870643102,155.7445084375414,-189.95136725108722,0.002187537468897409,96.53560950495469,48065.354431359716,DDOS-RSTFINFLOOD,while true; do nc TARGET_IP PORT < /dev/zero; done
7.046424726957399,2.237854969417614,62.9972381724461,1104.1123164303426,0.7142307918338165,-0.3234426888447349,0.41744775288667124,0.08311148643736392,0.23671775074807114,0.0005001509768574764,0.0,7.593026446027888,15.783890194866773,16.08160017580232,-9.511109884222064,0.05893453267686919,0.7041833743972056,-0.0012051542868526987,0.0,0.0,0.0,0.0,0.18836029256209347,0.6475686264584404,-0.0011419216122930179,-0.00039404951156743733,0.25338818324547957,0.0,1.019689138239095,0.9664860311449609,14699.813785301925,52.45047660200519,-254.01790849381473,17.312154410803117,-185.823066792781,-49.59572943063384,0.0012132475326454618,97.53511999471021,-57228.44140068855,DOS-UDP_FLOOD,python3 flood.py -t 10.0.0.2 -p 53 --rate 10000
19.37676854913701,-4.072086425626925,56.62804131687937,51512.300122139146,-0.06764742940980585,0.03795023649869303,-0.03744759745041938,0.0815820390080347,0.13113941961034872,-0.0015345577403214506,0.0,-17.120993587220717,-41.275220267076314,8.313664434106546,6.199170851823499,0.26687858863255914,0.621730041384736,-0.0024383404705094493,0.0,0.0,0.0,0.0,0.9112525659025859,0.1097613005482137,-0.00022073171889468526,-0.025843131138610597,0.48478991153568785,0.0,0.9382338381490628,1.010487084774093,14415.53555843895,14.866101479761745,632.6059619732894,125.50994705588424,-41.748472509265696,281.86900131050425,5.63277825596602e-05,105.6259438091628,71526.64330865516,DDOS-PSHACK_FLOOD,while true; do nc TARGET_IP PORT < /dev/zero; done
9.781289145126992,3.8765805555249675,59.113342823216946,7586.304182039792,0.3808513493585229,-0.312866116656904,0.3365933125283911,-0.022944312047363247,-0.11883303043418392,0.011950526230677017,0.0,10.324578627947298,50.48665865337053,53.219311666752056,34.63821311607898,0.45689318035957255,0.4345322179339376,0.003165319622594635,0.0,0.0,0.0,0.0,0.9270795283062181,-0.20928988325673717,-0.0004179257293776952,-0.022890717453944987,-0.08654364796585404,0.0,0.9902124674630253,0.9657450462254259,11897.178474750022,144.07870509720257,734.2071333358101,-90.52501178575173,-38.46301671043497,-14.353088440847259,0.0020311402591387602,106.9193475791322,37953.74462877052,DDOS-SYNONYMOUSIP_FLOOD,ncat --udp TARGET_IP PORT < /dev/zero
25.244258117918335,9.237906893752305,64.60932898700075,144385.82340349833,0.09923892958541244,0.05363136023705656,-0.41053046330702075,0.46438948274310066,0.29843071019358364,0.013153741141560175,0.0,43.264897188410814,38.958696166006945,-15.01638000979306,14.591427609644388,-0.005713632816165291,0.24109915190348186,-0.002425950875174785,0.0,0.0,0.0,0.0,0.37033396241936267,0.1027034450175292,-0.00015996017759217041,0.03292586935202179,-0.39549730497548463,0.0,1.0202462403890262,1.017510454989337,10788.453678576505,78.74276254521313,102.69128950918554,-285.666084470089,103.64007664857412,-210.8678766589228,0.0009479500578969931,64.16033813530791,120826.83475010304,DDOS-RSTFINFLOOD,while true; do nc TARGET_IP PORT < /dev/zero; done
23.883806816631576,-6.865749675575832,66.77019896786102,89676.60341461771,-0.10516425102398029,0.5177468545639309,-0.028961096219277616,-0.11921411364661466,0.1673150692661228,-0.006326299912975488,0.0,-18.241634365403876,33.29907040779226,-9.12368922347531,-14.261014796318511,0.5082396812017937,-0.055928111646492334,0.005677156174060378,0.0,0.0,0.0,0.0,0.7087198437397277,-0.23929608211240475,-0.0018674705804678723,0.03797378040180782,-0.19257894407113232,0.0,1.033585818615942,1.0414806391063243,12314.531259496744,25.34171795231329,240.38731561833612,112.11512370485104,-22.64970230417363,459.6132472368679,0.00031636137249447556,70.81418521253966,-28218.683568351193,DDOS-ICMP_FLOOD,while true; do nc TARGET_IP PORT < /dev/zero; done
24.193048464006964,5.315523644305279,62.09837952115357,17828.908283670014,0.5353868930774309,0.9543804532419446,0.027570672307228067,0.5076267782235869,-0.5237025999721695,0.0008308629748833823,0.0,20.196113823193343,78.91448323330431,-9.177124994889532,-38.37442121011678,-0.03452757784898209,0.6310192298890752,-0.0008244234206247645,0.0,0.0,0.0,0.0,0.7786018432694451,-0.3473393842849989,0.0017964826487955631,0.00021950096439571874,-0.3397727294412366,0.0,0.9892236431661999,0.9823979990880098,-14757.00698594403,58.40109328092964,242.12259364156827,-248.4081948421773,-134.9950276039745,98.67695837820638,0.0010787590416410512,84.76140899682571,-65046.02899263038,DOS-TCP_FLOOD,while true; do nc TARGET_IP PORT < /dev/zero; done
17.0208370610041,11.151735672683843,57.39118030826955,-10055.711036278102,0.0812099306935562,0.06715966572701651,0.4393700730825251,0.1033489318912833,0.17654996609009366,0.0033105770703318357,0.0,29.447039170039098,4.16071049060297,37.09253803299667,44.56542634525333,0.24908041771222078,-0.10650117541824261,-0.0005645213079233764,0.0,0.0,0.0,0.0,1.4114019715519976,0.18116368828813853,0.00016027694335228306,0.012351588238444192,0.2930690486853509,0.0,1.0146339596098044,1.0276206423575764,21363.03300325204,48.700775280495115,-41.66832375495102,258.49959519965205,-11.354730427012008,164.4029007889851,-0.0014277008947914539,41.35193860031317,-62136.07583141644,DDOS-UDP_FLOOD,ping -f -s 65000 -c 10000 TARGET_IP
24.72930158499601,11.546582564615697,54.574373493322724,-6274.325748574127,-0.3702581541103326,-0.08077249491532548,-0.21634841767601198,0.15558326407879453,-0.6934360455585977,0.008912811064422493,0.0,20.809264535114096,13.922503195558523,-26.63517678881177,6.2468574430837815,-0.16259924108199086,-0.05888573457358259,-0.000954489717580727,0.0,0.0,0.0,0.0,0.2871082691379088,-0.027530723262157497,-0.002668660222572658,0.027984542047072146,0.26491479109379334,0.0,0.9889711333646234,0.9952361251658564,-2241.5669631058418,79.18588931414878,506.6471952080057,568.4545851561984,498.444729060059,99.81096272398311,-0.00032236069829918,81.17479938129955,107366.89296324587,DNS_SPOOFING,while true; do nc TARGET_IP PORT < /dev/zero; done
-1.0421555750629015,8.948017845812364,61.78158892724212,-60393.51651283658,-0.17786746122915925,0.277579177942357,0.4426226839404077,-0.031049450757511976,-0.33439334311378466,0.0009531472024047708,0.0,17.22246178827421,-49.50460011162367,9.499897926952377,0.1448379637740871,-0.1396824102752325,-0.09767587629414953,0.00120805352141252,0.0,0.0,0.0,0.0,-0.025116692717133904,0.38014528623692095,0.0006301760974829019,0.03024612503791372,0.3364543160012722,0.0,1.0043608163382247,1.0045102286179064,1810.5671931726456,58.37827629481603,-768.4466292172915,-306.7703751384136,74.56076469948519,281.3732164934537,0.00043004491153209284,51.531911419284356,112337.13465923826,DDOS-ICMP_FLOOD,ping -f -s 65000 -c 10000 TARGET_IP
5.210524664225318,-8.117211647412951,76.1056438910653,-6073.3893580136355,-0.06740228171678932,-0.30837935598281396,0.3173783413228699,0.3647814886266872,0.4546092360981636,-0.016397715822937278,0.0,62.66963620784342,-26.67642361330104,12.287089652048635,13.575820513274007,-0.22042196316755602,-0.11280674533552082,0.004914654498860625,0.0,0.0,0.0,0.0,1.5891566498020364,0.5435437405278043,0.0007809395470828296,0.03131453904302393,-0.21570119468307128,0.0,0.9997076160267994,1.0401680339256174,22755.139347263295,-36.19061233199872,502.30958517961784,111.74318723729732,145.5410811359346,149.20387504619356,0.0019527982917745686,110.35765998988217,-9660.227440952873,DDOS-ICMP_FLOOD,echo test > /dev/null
10.538478842421902,17.989467207293323,63.37419877400935,-4691.086451739626,-0.38111473411544455,0.02459140292902809,-0.36761964550178006,0.3182912171310113,0.1592173028207033,-0.007078111907484678,0.0,-9.536088727873862,12.109394002815973,51.589529380059716,-23.747355684607875,0.17814295604414104,-0.3224480860544112,-0.0019907961270807426,0.0,0.0,0.0,0.0,0.7696045243722573,0.46733649509284425,-8.604692085498638e-05,0.0345998768567538,-0.09694917860611871,0.0,1.0118878805445557,1.0416591738498977,10892.320206395614,-9.045885312624804,-603.5086912258287,123.77820839903174,198.61482860659083,266.72466911492825,0.0005874517102362853,80.2045437399819,-87423.27171573097,DDOS-PSHACK_FLOOD,ping -f -s 65000 -c 10000 TARGET_IP
0.4166603954947057,20.785486740226197,57.036599731401,16503.540023455203,-0.17880082879944864,-0.36860159613808385,-0.19743023460458942,-0.17066720689937295,0.6144852823882825,0.0054130122713586856,0.0,2.9902072726846143,28.395445156077407,67.00866716860675,8.17243276108059,-0.7001088752544204,0.1969190983622171,0.005016000680462091,0.0,0.0,0.0,0.0,1.1989365163474912,0.21032629663791452,-0.0007504585253941373,0.04370942595067622,0.07695988841576817,0.0,0.9854740964802741,0.9866128133544863,16501.363644989342,149.50341040723043,-393.7668780631569,158.55800360398214,-51.38418402259812,61.98633654242964,0.0019230197073364231,81.87772779579737,-14443.010984653916,DDOS-UDP_FLOOD,while true; do nc TARGET_IP PORT < /dev/zero; done
0.8194476275397236,22.120028128875713,58.84010534738747,63289.45582369795,0.03998662759908328,-0.03530734725647017,-0.20384858028179448,-0.10039650565688035,0.08635176655653232,0.0025148668391772253,0.0,-38.12026873545902,-11.872769367381235,37.710214980422165,34.269621793229355,0.11664756387814273,0.18337119297452975,-0.00364656863024148,0.0,0.0,0.0,0.0,0.6151108950699332,-0.06090866456751956,0.0005333682179148103,0.031859128218091115,0.35609876786337546,0.0,1.030078666287046,1.029360291754937,-6383.948457256099,156.78759062797025,152.55118122001784,137.50516309619434,196.77457687957462,-122.63484602081553,-0.0019148277374647104,64.78349794654768,-81882.60592374891,MITM-ARPSPOOFING,python3 flood.py -t 10.0.0.2 -p 53 --rate 10000
7.634013260282834,11.128833640723476,59.22504320084709,103850.8924985252,-0.1922472488014485,0.22593831469047784,-0.18536183006298734,0.1945411084680781,0.29836067930820936,0.01138486338731813,0.0,-3.013024051895913,-90.98393358118119,23.212780554987916,23.307500883656168,-0.026032845274434925,-0.567979961861695,-0.005769510910912815,0.0,0.0,0.0,0.0,0.766033640558938,0.551812198261217,0.0001211821915719225,0.016876949915746,-0.08887612627639715,0.0,0.9779312199182633,0.9660377073595475,13441.12095528478,97.71582003269936,-823.2803923707755,244.8019985562352,-144.40416420762796,-102.19219577342952,-7.717825529888529e-05,106.17217148933395,20366.997392210946,DDOS-UDP_FLOOD,ncat --udp TARGET_IP PORT < /dev/zero
13.499294632165855,-2.467202831569055,53.84836947682094,19148.923476253716,0.019224754955748713,-0.03077411647163461,0.47457714135639123,-0.014730840405087237,0.533061257890907,0.005394140876866574,0.0,-11.66082851602201,-7.598413481689885,5.990898957119486,1.7977652652296205,0.10907167356477651,0.1354583570497377,0.00031743100488387555,0.0,0.0,0.0,0.0,-0.3769060635852667,-0.4602350018703467,0.0002613051202808103,0.0027042582493723988,0.15835427851610995,0.0,1.0349024256723391,0.9901610329929249,17826.513946183633,0.5386996288673629,-16.35811205267055,348.18516604947126,-77.34232981827043,143.11935275529905,0.002440385001223766,76.15639137337375,170575.59812832638,DDOS-UDP_FLOOD,while true; do nc TARGET_IP PORT < /dev/zero; done
19.645972127327592,0.2717054311755307,66.48415421809779,30701.832058716427,0.14250564707130042,0.6365461926336063,-0.19593698123824332,0.08435876278581217,0.19014080360684002,0.007992160611933228,0.0,1.5356395960921319,-19.209255860973173,-1.9303733891193389,5.0216325364798395,-0.3568432375960257,-0.057340425872959816,0.0006869065581200617,0.0,0.0,0.0,0.0,0.8471202931343924,0.2628087875548695,0.0012896250803205904,0.01462483066729622,0.31773894989128165,0.0,0.9812291169115365,1.0062278053250417,1627.3739537403799,80.08658737744298,285.93999684731875,35.40853766970483,122.85384741623625,-174.49282608787348,0.0017350954503401893,116.58408024610401,179410.61944122388,DOS-TCP_FLOOD,python3 flood.py -t 10.0.0.2 -p 53 --rate 10000
8.35282054449715,1.643661674684803,62.820745452237865,68016.70728072216,-0.06087247434709954,0.784903475150872,0.07039604699810063,0.09791150702915134,0.8284657357429218,0.001306787211246682,0.0,-1.9210510985693183,112.71184857738012,3.600892049044968,45.12878401497089,-0.4180892616118882,0.23046062571176185,0.00301576168681799,0.0,0.0,0.0,0.0,0.3238495316214412,0.3535635903882407,-0.0017669007095911572,0.017958247609165978,0.22341566640090207,0.0,1.002408645224306,0.9990218926443135,-11596.776565314667,61.119099995697496,524.7910652599021,286.2340638061179,145.17790309192378,25.090461674501412,0.0005662909352360952,70.29897457991441,77301.53584063081,DOS-TCP_FLOOD,while true; do nc TARGET_IP PORT < /dev/zero; done
12.348681644585762,7.102917559788924,65.99903400124094,48509.16942703128,0.33396848340642765,0.3740675849625525,-0.005100981635212373,-0.08378479942874006,0.2964945676049532,-0.0038988696887826075,0.0,-7.982836653556623,20.550183258147847,23.5224142607256,-43.35432089110969,-0.2715801222520364,0.447862821982733,-0.0009187231501829557,0.0,0.0,0.0,0.0,0.07495598599548897,0.3638990626257652,0.0013181996728012211,0.008752895624277548,0.07153643759620343,0.0,0.972243199421384,0.9982846185533784,-2214.75892502017,129.9349714668934,458.14616007654485,-30.969382811476322,74.42674392809685,127.413142823931,-0.00018358859089270184,102.427492913325,-50357.63916751438,DDOS-TCP_FLOOD,while true; do nc TARGET_IP PORT < /dev/zero; done
23.206502370817127,7.039689024851298,66.50350791792071,89449.58231591468,0.16647453851377242,-0.17713617853948213,0.4938101345556019,0.3830680146485729,-0.53602691582755,-0.002993340380013741,0.0,19.200902115916147,67.33665793537125,11.140386925381007,35.84893435947891,0.11067535762555875,0.2825571128801183,-0.00045257665468922395,0.0,0.0,0.0,0.0,0.8832197494239342,0.07737199851714223,6.893095648598382e-05,-0.0008266384842878071,0.6170518637216454,0.0,1.0267784775805586,0.9953997080246544,9385.565264547009,37.04620746534581,466.5711299680622,98.22279512600565,7.946621639168491,-174.38540126998504,-0.0005882043424888191,86.54170319741887,39627.79374705852,DDOS-TCP_FLOOD,while true; do nc TARGET_IP PORT < /dev/zero; done
7.11392073324296,16.66702993863322,65.91316817582442,-46313.11196583716,0.14988156759189858,0.018229643967891507,0.5558598814535846,-0.45269412692318856,-0.5168183952169996,0.0027212361836798644,0.0,-12.895145557377356,2.374303731736843,47.351499842363076,-5.732632630037067,-0.16426232935759844,0.11694198820383296,0.0032679927932739946,0.0,0.0,0.0,0.0,0.3282062960546176,0.5025072113214162,-0.00035276371516681495,-0.012745341347093181,0.819553598758266,0.0,0.9835457683465676,1.0094341595335492,8478.596570904547,104.10558901305582,-474.52358794182123,36.74871138899415,-11.75354982874807,165.04605885099747,-0.00042412337545607134,78.36102366329168,41379.452791442,DDOS-ICMP_FLOOD,python3 flood.py -t 10.0.0.2 -p 53 --rate 10000
3.694514925594804,20.14404890469757,59.78725797759285,27732.7939903767,0.44364451004507505,-0.47555615750384506,-0.06700785915115533,-0.1016934841532807,0.09328341444656972,-0.010443338796401814,0.0,-21.481849190983027,29.485703204802817,6.950628933228936,72.86937043971929,0.17908018549142438,-0.009316790858641358,0.005727644420569739,0.0,0.0,0.0,0.0,0.13391303829417806,0.9505146361928071,0.0001870659909276375,-0.04410373387088357,1.098201820130475,0.0,0.9889240469300536,0.9910044406143714,3224.5211214733445,45.64460511572523,-394.67875850515463,316.3123834312214,166.55647420947798,170.6196168897362,7.624512330270758e-05,125.69880983027207,143730.7913371719,DDOS-RSTFINFLOOD,ping -f -s 65000 -c 10000 TARGET_IP
12.84596802819408,27.13718681325798,59.105764459183575,83775.03053826265,0.20844454782138472,1.0027647549889904,-0.06938696927195397,0.10832391642726802,0.9161065842266871,-0.004973911181351668,0.0,47.58265244793198,1.9480811099068909,18.43856829537416,15.57258169649039,-0.018338943648252982,0.21740646668703084,0.004355418444143893,0.0,0.0,0.0,0.0,0.9803684874078883,0.5469409198344435,0.0011712848226168157,-0.0033193047368326265,0.24483309519701335,0.0,0.9740372472618783,1.0318709890945759,12695.102548490346,20.56317569707192,713.3392690492255,-15.927155079591842,-80.90864559742185,12.002131354537937,-0.002275323934642925,48.45526728380201,46640.091796597015,DOS-TCP_FLOOD,while true; do nc TARGET_IP PORT < /dev/zero; done
9.151452782430617,17.14309671525125,65.08362282907297,25078.698603580146,0.15315099183402645,0.2720708980988852,0.6079080252923951,-0.0736178102488868,0.8275349645164825,0.005188136133173486,0.0,18.89513540882128,14.681339878710482,34.888033233185794,-43.15426758284735,0.03575906287509241,-0.3109688255774934,0.0005741725038126533,0.0,0.0,0.0,0.0,0.8378203840049225,-0.0477857518995386,-0.00010879102969019214,0.015286928288377338,0.2746369556293632,0.0,0.9912143937019664,0.9481224792545789,-2917.127556877088,77.48437544785327,377.1834753194688,-21.293427388629937,255.71695357262377,-136.56985699447264,-0.0005883063731108975,84.68549412820114,-72209.69195641678,DDOS-UDP_FLOOD,ncat --udp TARGET_IP PORT < /dev/zero
6.508833155567659,3.330174093435586,72.26619232604675,-9775.475927150212,-0.21352743410408992,0.6235507336982957,0.44725852161913265,-0.14075407806441945,0.1907355810874697,-0.009994795893495105,0.0,-13.12160076330859,-5.008137987633667,-29.138387366616563,12.565990029225784,-0.0578300826208906,0.22298691261902154,0.0002541131508443778,0.0,0.0,0.0,0.0,0.9418638957418788,0.3249235437922784,-0.0013952542625285116,0.0037251885042233228,0.28627527142174997,0.0,1.0143132852603827,1.0096924777620337,4607.085480004366,49.89328481811142,541.9678333092104,-161.73914044952255,-122.17544900249099,78.36417995524586,0.0010936726950539588,67.80399862385455,49119.66267545034,DDOS-SYNONYMOUSIP_FLOOD,while true; do nc TARGET_IP PORT < /dev/zero; done
42.547610821198205,9.397746413258723,74.40463355488387,-1083.4747494898547,0.008931823057794011,0.755342133563804,0.2450841226033933,0.21103524249276362,0.6694347002795603,0.0020607433349459437,0.0,16.004569426076518,0.7140699193204156,33.44784388934035,-16.918680363659526,-0.23286710608108313,-0.11689316349293111,0.0058821838159149025,0.0,0.0,0.0,0.0,0.05540225654735631,1.6483408892650278,-0.00014992931034067642,-0.00043209929689173,-0.13655937599199372,0.0,0.9786236246150692,0.9799796344267881,3763.3674425179897,87.89639568032538,-93.98253014020418,144.55190521913343,27.945357456575167,-256.89533409466765,-0.00212076371167389,106.29502543039139,-28143.317101900535,DDOS-PSHACK_FLOOD,while true; do nc TARGET_IP PORT < /dev/zero; done
12.834914424715977,-4.266828807039761,69.89286569320133,988.8404066750227,-0.03331211050210062,-0.20758434076827467,0.5309993568973262,0.14089475653131445,-0.34095063335829257,0.0016664609056859523,0.0,6.528432382186778,44.94130365443334,7.703736019856565,22.105589406315385,0.18664119332543821,0.4055810328823063,0.00040412601897566147,0.0,0.0,0.0,0.0,-0.49155551819300025,0.16699158554428947,0.00022225665017239872,0.022042770613021286,-0.12788059244571445,0.0,0.9772276211726036,1.0206207804909317,653.1327407224808,53.69442269680802,-219.39465890693396,-169.84252324472357,88.6903530729911,19.62257931249303,-0.0018632781666437256,74.43838481776861,-4460.190672554538,DDOS-PSHACK_FLOOD,while true; do nc TARGET_IP PORT < /dev/zero; done
15.547501998821193,8.397607840882216,68.76574286347456,5391.410569438303,-0.24427639014955044,-0.39766825746654877,0.4730248083400593,-0.26621958331138906,0.17816263500363497,-0.0065393707787510585,0.0,-34.244524983035845,-43.806351872795354,3.0601096432929396,8.512340398246485,0.15968953232262645,0.05578293433129841,-0.0003713502646866731,0.0,0.0,0.0,0.0,0.7699808054319615,0.38619410373673435,0.0010661968335786392,0.0384769183033146,0.7470797643207729,0.0,1.0041604724431918,1.0003266389830707,-6169.146685439896,-7.094801873470601,-21.359363099448387,-136.7748936279814,4.248592542515198,246.2463749944577,-0.003306688780150829,92.68469836978763,144585.43890984196,DOS-SYN_FLOOD,while true; do nc TARGET_IP PORT < /dev/zero; done
6.7086413492403105,13.81792714649396,58.06776090968107,79817.54853968034,0.21992667695344081,0.24119574852352343,0.23577021126368003,0.03490130135008923,0.4588576140626944,0.0034319381826880013,0.0,-4.417361277766583,-29.622521371429578,9.977856253150422,7.7637295044394605,-0.1020443229211433,0.7302777126480198,0.004320659329860547,0.0,0.0,0.0,0.0,0.28163281006015906,0.26424275778354045,-0.0007058393506117527,-0.03305760729950934,0.8192137665062394,0.0,0.9983038047617481,1.0060936551861923,17385.064899831646,98.1001590374664,-596.1082642940928,247.07831307655135,-24.673146719673298,380.5416194835994,5.342501745102799e-05,49.74540228568866,30662.1053537509,DDOS-RSTFINFLOOD,while true; do nc TARGET_IP PORT < /dev/zero; done
9.729527182337694,-5.372620698374459,58.619961631285975,77415.79293878928,0.1612580829222489,0.550715992934705,0.16596701127823354,0.08958878579070202,-0.020893406026531947,0.0015060254400532332,0.0,2.5187603640384157,-25.475047616259538,-40.14827299998404,-36.949441536302814,0.14036614551974155,-0.11395320332425166,0.0024406443737534263,0.0,0.0,0.0,0.0,0.3322155804517134,-0.13133987669776168,-0.0008183321027287698,-0.008703652938299639,0.6805566239645413,0.0,1.0254720896707838,0.9766866095688227,10440.19583522834,35.448630313294515,8.62379772920707,69.19681723104864,-187.05731028091958,302.0316735716702,0.001662400234084398,127.62945299422253,178883.2261157646,DDOS-TCP_FLOOD,ping -f -s 65000 -c 10000 TARGET_IP
23.058146141958446,-0.14160387826633336,68.0360660756074,855.6493176980148,0.2736727643771912,0.48987512660090293,0.5944295304863132,0.0680406442036858,1.0067799914087079,0.0022306955178396067,0.0,40.179024902278016,112.87568148097961,35.580738191818526,0.9224113999145,-0.10258812613333046,0.2918563350361361,0.00448602243036187,0.0,0.0,0.0,0.0,1.0598634686112942,0.41608014228384815,-0.0003302159960402319,0.00866660701151583,0.479554514447336,0.0,0.9914604428801346,0.9792457530185359,-7349.49660756741,-8.246049013867662,870.3332789881069,218.32559223587882,189.51531107665892,42.09530612079902,0.00018272070977734506,99.8074542180173,-47551.943383428865,DDOS-ICMP_FLOOD,while true; do nc TARGET_IP PORT < /dev/zero; done
8.143866378018267,-9.468116334286336,68.19742305389474,98255.55516565093,0.04748640215093743,-0.4071169398634573,0.0662908250489653,0.09623344402907737,0.6061627445261188,-0.005501761077731523,0.0,0.30044754564237586,25.606605074306614,0.5862970408138226,-0.9521130288554769,-0.3619717354846309,0.6738560610611939,-0.002081624426358841,0.0,0.0,0.0,0.0,0.2768992212915003,-0.005392580380915113,-0.0013315902948901092,0.01912833093884414,-0.1283163532106494,0.0,1.0015710449624935,1.0106903526742328,-15371.57120303691,58.82408904189848,702.3354129770803,-41.44364597950778,-27.922656296272947,101.63415692458925,0.0016383962147719557,119.03955866885559,-14069.237104628945,DDOS-SYN_FLOOD,ping -f -s 65000 -c 10000 TARGET_IP
8.333463798914838,17.981734966674836,56.399585802279624,89982.4796560944,-0.13983150252251253,0.2539802707862231,0.4496254764664192,0.17368292736919194,0.01962999383234315,0.004624123987974197,0.0,8.958852343275431,-4.309705800535923,3.102689696880807,-10.310498201859433,0.13829533274593506,0.6251875914227539,-0.0017401808724658114,0.0,0.0,0.0,0.0,1.0866177249221387,0.7793892866521847,-0.00041252990876817645,-0.012961208709113006,0.26439203792549615,0.0,1.0152214140805824,1.0021208184339145,-4420.250340259935,36.79074766035881,-10.352408652910356,-292.21884384017466,-210.86784076813586,-157.3627886374486,0.0023867220230249678,82.03040152704396,77921.2341464936,DOS-UDP_FLOOD,ncat --udp TARGET_IP PORT < /dev/zero
34.69822041628355,10.865616566431745,71.88983138571102,-4967.10218660954,0.29494666348701537,0.5015507779095434,-0.5248682118115889,-0.041260424931823025,-0.47212133382965227,0.012276289865465972,0.0,-53.695665652300384,-55.924321691788556,55.906762506529574,31.903718390264174,0.3519575339560965,0.6567310127192877,-0.009354835442986806,0.0,0.0,0.0,0.0,0.2305856686998835,-0.23011643374428528,0.0020724406587515716,-0.026653032585597928,-0.4658903028109904,0.0,1.003791656297304,0.9699745947959395,4190.700748782623,4.943205398677023,-529.9766338091929,26.270492140258796,-279.5635406028086,232.3771767672681,-0.0038174662796826354,93.51569554310743,-165099.11716932434,DDOS-UDP_FLOOD,ncat --udp TARGET_IP PORT < /dev/zero
14.99523056619784,7.833455731783896,64.54595153847416,-7345.07751953703,0.03988277501249324,-0.48502859661683984,-0.11169032495618307,0.5793082659065412,0.25162517045140964,-0.0033922187382136298,0.0,34.61294139954232,-16.594397335229772,-46.69268556655865,27.875609401708957,-0.08770919059756893,0.21476479716961366,0.009091172447426642,0.0,0.0,0.0,0.0,0.18001149365145402,0.8545203214433219,-0.00027146235354863523,-0.055809537509481665,0.35620213202355466,0.0,1.026461081996085,1.0087996702832582,10455.096725253885,127.6804890641253,-209.55583721967838,191.65211917614636,87.17056195296512,-252.99297270350417,-0.0013605455113646413,109.53759054741441,-126692.58678349447,DDOS-PSHACK_FLOOD,ncat --udp TARGET_IP PORT < /dev/zero
17.49606556776223,7.676925351449846,60.08807674111501,113968.43971001334,0.053870609869948766,0.4803489766719088,0.5635236168060082,0.6511931317698242,0.8706752357481418,0.01474769904715782,0.0,-3.65868727015536,33.935816243044854,50.21281087754097,-28.204476284383276,-0.03862028386288672,-0.4763920284394987,-0.007376872260725409,0.0,0.0,0.0,0.0,0.38054867964550215,0.14126482492673914,7.44851600811372e-05,0.009477369712977766,-0.08222094981807096,0.0,0.9663660902499961,1.0271738266592207,13653.253033978992,-10.463846884320716,-368.2160775426821,71.21710121649386,-5.31713301409971,130.00171090298988,-0.0007223135922011636,81.65800686710584,-131130.8712233405,DOS-TCP_FLOOD,"nping --syn --data-string ""payload"" --rate 10000 10.0.0.4"
25.478339454579306,-3.7235795459768655,57.28824438263778,37340.53716114475,0.06388293630590433,-0.48098675986104267,0.16041851770684312,-0.5281539744666507,0.1603856389066849,-0.007863321911824914,0.0,13.942616356801722,25.851114314320146,24.135743093234744,-10.363331930980985,-0.3335914604498781,-0.3109739954843973,-0.001531445617214959,0.0,0.0,0.0,0.0,1.1537558998584574,0.1226302231263584,0.0001673757133536247,0.025586095360952594,0.6435314077335387,0.0,0.9994524841098456,1.0110179357054845,10637.60070124821,49.94556691306715,151.84000224164777,-50.22948922434546,-154.52406817055436,282.7188856130642,-0.0017498687886098202,102.26902120195211,-43212.27955687401,MIRAI-GREIP_FLOOD,while true; do nc TARGET_IP PORT < /dev/zero; done
24.371484019052776,-10.636745061551345,68.82610109848764,7645.930734994425,0.2858971345529468,0.48810604605358054,-0.000878948189570905,-0.0312412575724573,-0.17688474564637152,-0.006260545698178377,0.0,38.22377512825096,35.41560039572837,4.728645294415819,25.067958819399635,0.02170070217920378,0.4193613897944235,-0.0020085633053712262,0.0,0.0,0.0,0.0,0.0758655723716633,0.08335786812602174,-0.0008286886608028132,-0.034973249752654624,0.21592886175526763,0.0,0.9733383944551085,1.0049777888795592,10839.767737020644,178.50538960484056,712.2169196408165,357.276209498478,58.7167763148689,18.411651115476218,0.000751448253662517,105.26156414699916,-690.2697583380868,DOS-SYN_FLOOD,echo test > /dev/null
8.87379652388443,4.702903020226291,56.20521005593241,111518.31536973974,0.41160921683492463,0.04820877003176055,0.14791313826762542,0.010621297768931379,0.4904490657171765,0.003053730131546551,0.0,16.642979980691727,16.917178905303075,53.093506046701485,-5.699767846115002,0.26368834903644245,0.3447608158158054,0.004236875158590246,0.0,0.0,0.0,0.0,1.1900129690294734,0.5970463923387208,-0.0007149393326153296,-0.021672964831924733,0.017093709420510084,0.0,1.0332536336847307,0.9730872741425107,17992.432163808568,107.82137144873448,210.03043516052233,353.8326209805789,4.730688557117844,-115.41821292115048,-0.0029925141711632723,73.60866285356045,-10030.682326577855,DOS-SYN_FLOOD,while true; do nc TARGET_IP PORT < /dev/zero; done
25.848290557443292,1.7502904982237748,79.5691306445446,68983.26472206257,0.032399725242939444,0.16887246022013871,0.26787749436590597,-0.13811100890362724,0.5424666636782084,0.010900355528771659,0.0,42.986796580073026,7.91558557233088,10.83932962013629,5.7503979559182605,0.15917830516020337,-0.1579020867344372,-0.0014001074010536012,0.0,0.0,0.0,0.0,-0.16482284175864625,0.6598464311401261,0.0013680489664958538,0.014271457330081075,-0.14956345612296876,0.0,1.0271073375975213,1.0121332423734364,8041.0171846315425,121.35358743023824,361.2213867291318,33.55037999282436,205.76733805197068,100.4896382577198,0.003244524290142959,67.53944724199675,-60171.150425466054,DDOS-UDP_FLOOD,ping -f -s 65000 -c 10000 TARGET_IP
2.98360468808737,4.989502185957138,58.742433953111785,87471.04801123962,-0.3390674040649017,0.5129746113898351,0.24455629287184022,0.1621029487947936,0.35195957738969375,-0.012280028709092302,0.0,62.044906047985606,-43.66268661709644,35.38247148025643,55.559288267910986,-0.09741527711745707,0.05373309194061127,-0.0016284868908252956,0.0,0.0,0.0,0.0,1.085428258837296,0.2849792183380116,-0.0003026043974317373,0.013969830193539121,0.5021771575484206,0.0,1.035580372282549,0.9635544174216468,5359.851621350665,151.42968196049475,-331.1242886606349,22.750230969495107,74.0060618002752,490.12856261786055,-0.0019889673926932533,92.31408768969317,67222.2563280292,DDOS-ICMP_FLOOD,"nping --syn --data-string ""payload"" --rate 10000 10.0.0.4"
14.344949974869404,0.1837725395544414,59.895308137225406,6783.606805792035,-0.16461721733239926,0.35972346460106397,-0.12041241282954086,-0.14503650283939964,0.0386545302633442,-0.008883830003259987,0.0,-19.942538629370645,-9.451693723161338,14.03086579715966,-70.35402926637305,0.1436537528748174,0.016873482510821755,0.0031904555328836582,0.0,0.0,0.0,0.0,0.7974138465567701,0.6476096165708095,-0.0013781173189525815,-0.014963092742999767,-0.4145566160299248,0.0,1.0231840772693466,0.9811004871982024,9215.244947267662,146.28170878460026,289.7772607734114,318.87104613788495,-131.00493978161978,371.65441821457216,0.0005391515803573522,91.50623538013596,124733.87230719667,DOS-TCP_FLOOD,ncat --udp TARGET_IP PORT < /dev/zero
1.2695138069831806,18.929254600513403,59.5511495962028,62345.43588669802,-0.11577692607358427,-0.25689434206118356,0.36079715312645627,0.35511549408975895,-0.26454314215320607,0.003305135339238331,0.0,-21.835506918445645,-15.199170027008343,31.447939473483405,-6.135192684977305,-0.1315069487307741,0.5846343139096246,0.0036778387889274426,0.0,0.0,0.0,0.0,0.5729012572270707,0.7323552028564955,-0.0020391033052438675,0.02427035230701061,0.11839272337550472,0.0,0.9608949153878898,0.9634438799342976,20449.086303779517,29.577231497165656,-61.18601836191101,341.335517027548,166.64225174290925,-6.520745664414818,0.0010760951619844773,68.6968161413008,49640.95131459665,DDOS-RSTFINFLOOD,while true; do nc TARGET_IP PORT < /dev/zero; done
10.401794260539752,12.601309328843595,68.51333577262903,47835.60537622894,0.054112630300033465,0.43206377893886916,-0.1811217765102518,-0.3089832475358145,-0.07656112412164129,-0.0003282079464688604,0.0,101.00939526694428,-41.79235363139398,6.165893874180252,-8.585323926437193,-0.1961734059156649,0.38426812882458916,-0.0018529502524446888,0.0,0.0,0.0,0.0,0.2318719633554805,0.3146189770042293,-0.0015848006272552264,-0.0027327526854436157,0.24995826901541762,0.0,0.99994674295689,1.0023424003021617,-5489.473696851473,150.8287727160761,-70.38709219222358,76.41559425534501,236.05883579400023,153.19904352054027,0.0008210256133473608,89.07750370885715,-144284.60170560406,BENIGN,echo test > /dev/null
22.159307153451287,9.940463964169144,68.19314498958153,100384.17886711509,-0.2926150025843797,-0.2863736255821314,0.14883044410054275,-0.12335011046076677,0.6748586461808677,-0.007023636664536321,0.0,29.900307230677605,-76.02227564284317,-13.787848801156741,-0.4510409349598081,-0.014320768138002683,-0.23039896860919548,0.002384583825642868,0.0,0.0,0.0,0.0,0.2899701373495085,0.1457431141787217,0.002282283797507262,-0.012370589120492222,-0.43227897843401164,0.0,0.9923448797772171,1.0163410744989791,18804.96987156154,61.82125206928396,-289.30322788875014,192.5660117026212,-95.41539812351202,-152.76421273510834,0.0017188546838268323,68.57073547899229,102741.44292876589,DDOS-SYN_FLOOD,ncat --udp TARGET_IP PORT < /dev/zero
18.238628699335884,20.78359198792853,69.30154977561739,-32386.64109900262,-0.004916995871949353,0.6056458920012456,0.146706205460985,-0.32511418252018587,-0.02171687536875444,-0.009488470738127931,0.0,44.494301850427696,-4.631317272060613,7.756463319156611,32.65328249878678,-0.24728655164923508,-0.19425623435633624,0.004510223763019239,0.0,0.0,0.0,0.0,-0.40139401215393045,0.6027665761530422,0.0003506428462731441,0.008501167992104732,0.22579308270194093,0.0,0.9624804492095882,1.0037553419537775,19381.561646498478,-28.20469440241348,536.37763520271,-11.31852982769783,114.90066474946799,-26.095689930230776,0.0025540387989395692,87.41132810446062,-16460.01175086103,DDOS-SYN_FLOOD,ping -f -s 65000 -c 10000 TARGET_IP
33.506510304085836,6.186701965238545,68.22603481014187,84075.31349366225,-0.1930394556856429,-0.2485129978801909,0.12270122799794232,0.5253802736827984,-0.10329837303860073,-0.0015956978262448621,0.0,-18.735737711936927,26.67855717524494,20.947842010581432,17.491999679446206,-0.24430341656554638,0.21285688221673688,0.0026792047038190748,0.0,0.0,0.0,0.0,0.7346845748953543,0.2568559988075029,-0.0009590341053313785,0.020997777552335666,-0.14780381926682132,0.0,1.0166666255966805,1.0313042542793986,17050.679059589125,83.84832173515134,109.23926015322664,-42.18674545557596,225.2046226645591,115.71004113849092,0.0015354720141695932,88.45296221085934,13585.197508136836,DDOS-UDP_FLOOD,ncat --udp TARGET_IP PORT < /dev/zero
18.36273554481764,20.47900987916369,69.68259172935636,16311.650973166943,0.13934056066215816,0.42608350224398694,0.0007325270925568617,-0.14258241675669434,0.4944642197805046,0.0017987460247729653,0.0,5.245775979918388,55.000432125768775,11.873673250896232,8.928623960480229,-0.030740338822460238,-0.39837415427674305,-0.0004159744936144338,0.0,0.0,0.0,0.0,1.046972753663267,0.36765629802617955,0.0003310537041185096,-0.011492751810752013,0.7024544292187583,0.0,0.9641733006157502,1.012979694836068,18444.070252707214,159.56383799110804,62.48722714822816,98.76376685467298,116.46015488130237,212.3338467286227,-0.0004065696691663863,71.12965969235434,73890.11341276499,DDOS-PSHACK_FLOOD,ping -f -s 65000 -c 10000 TARGET_IP
9.698457775012741,15.370672357973044,64.07707800706962,78644.08180610486,0.20728265738545393,0.18935408353606456,-0.40525553787948393,0.2634196605423882,1.2194041839939018,0.0010029566660399803,0.0,-24.963981392592444,47.70731270690971,3.0565913373104756,-0.5792768903969083,0.21180174678329197,-0.2879360745674132,0.004049173896078676,0.0,0.0,0.0,0.0,0.22149371136462437,0.1690539541970671,0.00018543165179996422,0.010275092294086487,0.11666281618505157,0.0,0.9958213337536683,0.9895153216107033,30728.954565720076,93.4333851272384,-4.134484801428528,406.5783492242057,-121.48445657738701,12.322689792183894,0.0007636152870235491,77.97270101581412,5516.891154567871,DDOS-UDP_FLOOD,ping -f -s 65000 -c 10000 TARGET_IP
1.3026087891385245,-0.09596650658387595,66.19872395072218,58241.66729634886,0.24427317422386047,-0.1952493062256788,0.08327429881182283,-0.28954532710660463,0.5386121183290004,0.002683186363028337,0.0,-39.07514467804331,12.713296761281915,13.331593457443471,72.35094833239144,-0.17209415267792355,-0.09941453771765699,0.0051722083290607875,0.0,0.0,0.0,0.0,0.026272440619874993,-0.5163410547969156,0.0008091163867207771,-0.009578605626409189,0.16502096188921328,0.0,0.9786601066328154,0.9788689551610164,-4157.931163825938,85.29038319783122,156.53820767507304,309.9549824227263,52.15076052998097,-18.172184701509337,-0.0007169887020593395,86.57598101262587,77755.50223069369,DDOS-TCP_FLOOD,ping -f -s 65000 -c 10000 TARGET_IP
28.39840941687944,6.867151760985448,67.49065399833702,37791.48388950833,0.19450418870283775,0.6362647622904966,-0.34126820165912414,0.13601943831392704,0.22100594570142762,-0.004236688655787163,0.0,-23.69788714399445,27.382271297471988,17.0702462452353,-7.080396128723512,-0.03277912892427897,0.052753123713328014,0.005892246252948348,0.0,0.0,0.0,0.0,0.8780792776315081,0.4853006314524665,-0.0001073856526556514,-0.03209789896814345,0.6602068413871777,0.0,1.0167036572864447,0.981377754589528,-5200.53343154899,52.45932490116461,1173.112769033094,54.57460951414515,125.31096671944715,60.90656187215261,-0.001445265084194662,100.66855358877402,133968.42583977466,DOS-UDP_FLOOD,while true; do nc TARGET_IP PORT < /dev/zero; done
31.423432510862007,6.411211285502407,64.40727924172072,114928.26512328876,-0.05824767756824738,-0.18430784807151593,0.14615744244758155,-0.15230298180502025,0.4068514399346231,0.016326318630005537,0.0,7.775550854775629,23.363523494932267,7.00134892126651,41.938770203312785,-0.124034004803983,-0.1047417681588062,0.0015376080386528424,0.0,0.0,0.0,0.0,1.1016598649376026,0.1525353024498881,-0.0012503340298955406,-0.00854684083816478,0.14711613389568723,0.0,0.9543393044611659,0.99413185588028,15874.096992110473,36.589506649829175,32.40474119972782,349.3033300350229,278.18912883829273,274.8418060208122,0.00208509060187331,127.5825775265559,255016.61314929588,DDOS-ICMP_FLOOD,echo test > /dev/null
5.6136719619246325,21.696231845820762,61.7836605289364,-75698.02629694952,-0.22991011635238823,0.3149637571366012,0.4231061116941639,0.09866484072667515,-0.10173530632040573,0.0031641988565400607,0.0,40.65206474867078,-3.8410998195233397,18.881681928479438,30.13692865687328,-0.07071055353510403,0.17851644004448208,0.0016152909102036188,0.0,0.0,0.0,0.0,0.06932440937042095,0.15322638875946773,0.0004857064351201831,0.014521367539993228,-0.010203373844308805,0.0,1.0190742919220594,0.9996639645550819,15637.893488968186,100.58662092773179,980.3227700679305,72.38353489735691,66.82554182696438,70.10786992426466,0.0027167662956325022,73.99119811687964,-16614.52722640285,DDOS-ICMP_FLOOD,while true; do nc TARGET_IP PORT < /dev/zero; done
22.16351389615811,11.327984153721646,67.09807424660005,35839.56852683538,-0.003918935485961575,0.48250193606378655,0.25323212646240634,0.17020761010052327,0.33355176669167635,-0.009444377135022199,0.0,37.40764384905936,1.004993289532809,8.05322262716599,-25.17372817330766,0.41506937341690614,0.1571642340006346,-0.0022963627625838573,0.0,0.0,0.0,0.0,1.1477600678593178,-0.23518548820744387,0.0015147635178231007,-0.008480230761366128,-0.1591520876206244,0.0,0.9910365050175162,0.9869702029557226,22052.736153009148,-38.54311530975784,244.98622296611268,-41.93791654318258,-86.98280038475461,107.33566293448948,0.0008447996416458593,103.03593815909332,-94484.32422616398,BENIGN,"while true; do echo ""A"" | nc 10.0.0.2 8080 -w1 -p 12345; done"
23.23901956085195,6.03729743944861,73.00255857230266,-5317.337463320488,-0.014498839885135839,-0.1502502383377596,-0.21863889884644766,0.05618459394231202,0.623092399505719,-0.008547691678468212,0.0,-17.177722549975343,-9.790695900434294,16.692561328284494,-26.080807614446186,0.1976610350850675,0.5557891391305487,0.005720876147847385,0.0,0.0,0.0,0.0,0.49124950529989975,-0.11202919566426675,0.0006818179346980071,0.015338960499760381,-0.10732290798271807,0.0,0.9995522245874915,0.9920552431316811,15465.488129612242,36.50532105060337,262.27844534642435,459.22361632951646,215.07584521947916,-129.16190336744305,-0.00243697386651156,70.77695876755996,-52007.0192663504,DDOS-PSHACK_FLOOD,ncat --udp TARGET_IP PORT < /dev/zero
7.666727211141111,8.255258775570702,59.24969577386872,154872.0756968998,0.2517726928986427,-0.023915359432812172,-0.20263013427888982,0.39621694159213783,-0.25666064724750304,0.002292535675266613,0.0,-21.42674882295387,16.983558351351636,15.247576835379927,37.15544916088975,0.4783525769349489,0.3155224849202355,0.0007449713621132282,0.0,0.0,0.0,0.0,1.0643113880064354,-0.5720795352016259,0.0006660094340580952,0.0270514296632413,0.33495391756609116,0.0,0.9834764261600126,1.0067520056533674,7052.352482099476,86.01652924807712,-25.794905078736292,243.64503680080085,91.92929441528166,5.516287677787062,0.00028426181843908973,114.30432308621252,157480.1230392072,DDOS-TCP_FLOOD,while true; do nc TARGET_IP PORT < /dev/zero; done
5.228097342702002,-2.2648657038614166,63.77504535945816,68273.90121921293,0.0868413451664558,-0.09071089623596176,0.10063118896552481,0.20424856698087338,-0.23702605628061607,0.0017058718668085111,0.0,42.952528295913524,28.74926294977707,-28.81640890437187,33.747538070448904,-0.0420526190197354,0.36730977782855634,-0.0005339710685061509,0.0,0.0,0.0,0.0,1.134090758226189,0.6669892727186795,0.0005886575097198281,-0.012646871804749247,0.7201271301684553,0.0,0.9903990946656661,0.9684866811139794,-13336.77407250795,154.61819604970702,-286.465031346664,16.490826861900246,142.7484264817199,359.9131069308891,0.00036777289747372304,116.5302945781002,-62046.17699038527,DDOS-UDP_FLOOD,while true; do nc TARGET_IP PORT < /dev/zero; done
22.061057947103944,6.7822739244308865,71.5109922307669,79354.68328799854,0.009983938411019105,0.19885798993113005,0.5303692204199936,0.6663770257266394,0.18700124046118852,-0.005750966952105687,0.0,6.682739635599711,-14.226755442599416,21.71335401132099,2.328413828943212,0.40391423957180755,0.24914954495151903,-0.0017229406001834499,0.0,0.0,0.0,0.0,0.5568583436249988,0.7289970824270378,-5.603438051709395e-05,0.04238106037743548,0.531955219350956,0.0,1.0124736774563483,0.9648213209046519,2869.2729523202534,16.67076354737077,275.350629742432,-210.90004469758833,-72.06110159031802,-127.6367507069427,0.00016890810787176854,30.70793183669747,144903.63762890102,DDOS-ICMP_FLOOD,while true; do nc TARGET_IP PORT < /dev/zero; done
3.195934923035866,-0.9830643845910059,66.98936059416842,145193.97768325964,-0.3640891262241908,-0.2165157169315172,0.4172895115316119,0.5867164230931,0.34690744830415876,-0.00592894850863181,0.0,4.059737787567749,18.74336800909813,22.925765014109345,-51.67442273322853,0.2710473263435777,0.23176531879847057,0.0014507168205058788,0.0,0.0,0.0,0.0,0.7972730950072683,0.8070941621733142,0.0007496053564828615,-0.023373506055543867,-0.6967654192150037,0.0,1.0030405216933975,1.0169760363960172,8235.294056190338,55.34072660484458,707.6244314971322,-16.65622565944537,-137.26457106161774,-178.1287432740026,0.0013331860260081627,58.79748782693951,28014.43576729,DDOS-ICMP_FLOOD,while true; do nc TARGET_IP PORT < /dev/zero; done
13.57080940257152,15.08405047140742,65.36576800183045,-39264.630187754534,0.14793875703510218,-0.14877657713516987,0.5032595517129885,0.48491772775273034,1.0762368434680252,-0.0007973684270313708,0.0,32.5861333648124,-11.303680514856811,-8.465899825319479,-0.1919012492575245,-0.028537651647812252,-0.001945334892976866,0.0023682952351764793,0.0,0.0,0.0,0.0,1.0537163587461045,0.0016951489386157204,0.0009494621541214276,-0.023339004545862255,-0.16737700752333237,0.0,0.957043340349736,0.9691013577441797,14331.603737625614,57.664287088509106,30.66413458987992,-143.0983363793062,115.36629617009426,149.41238119257963,-0.0012713887438338392,132.79449259000387,-45517.3739044082,DDOS-SYNONYMOUSIP_FLOOD,echo test > /dev/null
25.299128357225666,11.579106581160904,64.04703159180596,65244.60625723848,-0.5137786336986913,0.7638804843168071,-0.3735480348180485,0.013007327999529361,-0.6419984497193973,-0.008188986463457419,0.0,79.89991368307798,45.96215597621051,-51.077273171283245,15.138894830858609,0.25122989902997406,0.1215657465273784,0.0020113909627043763,0.0,0.0,0.0,0.0,0.956400791464833,0.7833994936963449,-0.001182722363916598,0.006864331159109303,-0.23351809702890805,0.0,0.9944642939704091,0.9483840196560542,-2162.1470171093088,60.71573075652106,122.52834303907841,282.4810837980066,35.88866039310875,498.4570578897354,-0.0011696197214483603,120.67835995689856,115731.85248447927,DDOS-ICMP_FLOOD,while true; do nc TARGET_IP PORT < /dev/zero; done
8.75876793829721,3.20079706197665,66.51163687315642,20480.386800836844,0.3820090536934605,-0.12515023140033235,-0.14383778707892014,0.2864990992773759,-0.05228342414285275,-0.005355735206443503,0.0,-15.059736697273712,15.775411321452225,-26.948984166752247,24.479636024665943,-0.0922842017599961,0.3572501764943949,-0.0009017194754835799,0.0,0.0,0.0,0.0,0.461287839448422,-0.1636654723786886,-0.00038855439320562647,0.0016748226784211004,-0.11521345358512089,0.0,1.0056353990979623,1.0230019762413665,10339.223814045348,12.664991517550767,390.11046523890343,-73.88209869619558,152.3413241533464,-417.790041659828,0.000816292571464677,121.98778984810914,219675.34592345954,DDOS-UDP_FLOOD,sudo ping -s 65507 -f -c 10000 10.0.0.3
15.844375383246286,10.504148002892405,49.17116768731899,-10698.33096156249,0.5726685209011483,0.43845825324333443,-0.6989462104740354,-0.1465126546878898,-0.12664665265834174,0.018827818318357108,0.0,7.495783778989636,49.04277747532386,-17.903707927425195,-46.07030201637131,-0.2410396802176234,-0.3603939377169846,-0.0041701615586935675,0.0,0.0,0.0,0.0,0.17073482828560432,0.6945241926462387,-8.875479725469009e-05,-0.01812663610929711,0.21291841338767561,0.0,1.0063963710060342,1.0346148067113732,11834.646989758116,112.47544557349313,-323.08473161210463,307.80133923316544,205.6327513574597,440.2421352299836,0.0008036111385772101,96.1937552676678,22571.60157916223,DDOS-RSTFINFLOOD,while true; do nc TARGET_IP PORT < /dev/zero; done
2.326834886838814,9.37901164196576,64.14549039316604,-70611.7582981156,0.0559505856149477,-0.06712752925324719,-0.049945619950384754,0.14684192984765237,-0.0717197429450272,-0.010183459870070754,0.0,-0.6366904603345311,55.58842976742323,8.456762545205182,25.640853585610998,0.2933119633657939,0.6150750949417783,-0.00294926182565655,0.0,0.0,0.0,0.0,-0.1265232452102375,0.40842592199725336,0.0012704322523336838,0.023318407898409138,0.30343158883219234,0.0,0.975695956102231,0.9920191528639738,4182.783915567763,58.31386738940282,716.016090179111,-29.0342845917269,-6.491645428478648,120.93165204766349,0.0005798318148971431,61.41402109099908,19980.12394169206,DDOS-RSTFINFLOOD,while true; do nc TARGET_IP PORT < /dev/zero; done
19.189944567264888,-4.3205674561495195,61.14502596354185,-4044.7463068281795,0.5461230526525881,0.8636911069213797,0.13196630519662939,-0.24908578850761778,0.0012442149590740081,0.0017818855365579556,0.0,22.938921863814315,-4.261087642245343,-6.711502360379578,-7.3215722561809375,0.09931379403032466,-0.5112460151447984,0.000726684087603014,0.0,0.0,0.0,0.0,1.0279097130680597,-0.7520985372616138,0.0010737199831642736,0.0104464595179962,0.66575904314847,0.0,1.0192024028745095,1.0064337867639637,5842.655536118802,94.10085043031839,1008.05989397844,251.29023380335988,30.200792847832137,684.9643906384329,-8.57155476054968e-05,79.42010147051656,82051.82885673842,DDOS-ICMP_FLOOD,ncat --udp TARGET_IP PORT < /dev/zero
20.556678963554603,2.335318209937167,71.26052689666241,116456.1642623152,0.035269531422870336,0.19468478596716848,0.26318602207356145,0.5208335180575998,0.43125205496828123,-0.007990745687910665,0.0,0.8545974414610829,18.480500766983692,17.353569747924787,71.22789236701591,0.4612809377575387,0.6503913612947669,0.0018648671285229487,0.0,0.0,0.0,0.0,1.1037339385082987,0.523540008154894,-0.00021232804399803478,0.01502597399001646,0.062131340304914434,0.0,0.989322809074002,0.9627120000311661,12852.993503776028,11.599926985698907,78.2290127586289,192.49906632072754,-75.0864980538309,50.090747242483694,0.000510976333807872,126.47645634743498,-28822.517372996346,DDOS-UDP_FLOOD,echo test > /dev/null
-2.8923113686737807,-8.368546242725937,68.52712614506576,77761.78334807494,0.492420498149313,-0.47919903074784564,0.08182178663825714,-0.09500947276761917,0.541658378293406,-0.0016568545973787863,0.0,6.580991625646263,24.0741836315679,-24.33962122777075,-2.0104382151741493,0.1388116833503814,0.1769665504757928,0.0016098958048530545,0.0,0.0,0.0,0.0,0.5735609105807089,0.11423027001632592,0.000832020886911782,0.05757520110828075,0.2005148130525822,0.0,0.9670294322647293,0.9690160338723735,433.0788718732274,58.1119763409358,272.5471198452069,9.120095922736354,-18.36895211419572,292.4824682864182,0.0005138882540655714,88.43226934905252,-51043.392414827074,DDOS-ICMP_FLOOD,ncat --udp TARGET_IP PORT < /dev/zero
14.309536164758182,11.116973021065172,60.05158084689773,34319.67412102171,0.28283949803069036,0.3854797010404148,0.22125912352009597,0.09970706699955606,0.4222843154001388,-0.00011436053261477963,0.0,35.56481416162469,1.2354130589369454,42.561025077446146,-8.505063101123246,0.25701501448174924,-0.41531820866135916,-0.001343702183094262,0.0,0.0,0.0,0.0,0.31950654323144667,1.1153521677169833,-0.0009083157784647395,0.010697615560493,0.34437899743887457,0.0,0.9997331479640011,0.9748276873442785,-8713.273305916286,82.28491554572402,225.97760602036635,114.80854031719142,6.5057392853885005,312.440939672327,-0.0025470244552893693,46.86893894405913,219945.94994475096,DDOS-ICMP_FLOOD,while true; do nc TARGET_IP PORT < /dev/zero; done
7.119165172703823,-0.9697144495021979,63.09857488482587,-71412.76684100213,0.04221235062799437,0.2315552074968075,-0.14374798796779198,0.048754913288726526,0.47663240564627946,0.0013314579534848803,0.0,-4.839848153457831,27.289294134513444,17.832548796495114,0.41771900806067563,0.24294563641211978,-0.07731481450213815,0.0015148936140729431,0.0,0.0,0.0,0.0,0.49911793842159186,0.2806796919815521,-0.00017019697840511345,-0.046207390889305845,-0.30640988655580537,0.0,1.0203717382034847,1.0114671107217488,7316.6853220556995,133.40629764983134,400.3045696794086,-156.03601551367507,101.53499515756874,218.91160246370757,0.0029592358701396888,89.68265350741845,-12998.247846110888,DDOS-SYN_FLOOD,ping -f -s 65000 -c 10000 TARGET_IP
10.781436476211898,7.181606148858323,53.43770867778368,112721.24446113514,-0.4102476528463643,0.1964498133825319,0.22522820255310894,-0.06321371475043061,0.4605529511985213,0.008064757155951766,0.0,6.605393777111262,60.94077273672231,2.918910922364643,6.422445658240772,-0.30690753943774013,0.29017210318364456,0.007341348244652209,0.0,0.0,0.0,0.0,1.2115900918806723,0.04647965667682519,0.0008755312454117898,0.022939844275502864,-0.40799044972293874,0.0,1.0054737422582127,0.9736975086425651,7374.42875961887,92.63889513066951,468.23460236105467,60.41279011782429,-151.35502155656303,72.24551723798993,3.6033514698145146e-05,75.928747187659,-18547.572244452607,DDOS-ICMP_FLOOD,while true; do nc TARGET_IP PORT < /dev/zero; done
9.732088571067466,1.6572666958378015,59.2286197942077,36123.529343713,-0.004836078046678877,-0.4511850121199228,-0.2036830690924844,0.4239252005144929,-0.45998451516007266,-0.00031909911076945404,0.0,-25.341716077546224,-22.981679298342968,9.80724993057591,20.840662384675298,-0.22585997614069397,0.39177694668505114,0.0010458017304550101,0.0,0.0,0.0,0.0,1.450692040393243,-0.23721857609367727,-0.00021842766066604508,0.020858813028415,0.25473965442019847,0.0,1.0245711858901434,0.9891804044559951,-14197.857122130441,22.307699719650692,627.6013206555481,280.1453778600246,11.053475449709033,316.1233612584587,0.0018161194577245732,127.81118140232849,-14901.700184450452,DDOS-SYNONYMOUSIP_FLOOD,while true; do nc TARGET_IP PORT < /dev/zero; done
3.8058390547316616,-0.3815430909130795,60.645936803144664,67974.1072113248,0.22707370396258147,-0.028828237516445865,-0.02843133973259572,-0.10312394901011043,0.47290870728232187,-0.0029484528937755447,0.0,43.352193746345236,-11.55962638289985,44.56414542692195,-10.691360370701135,0.2554673128066518,0.346770494454666,0.0038336104535243534,0.0,0.0,0.0,0.0,-0.42011163234270066,-0.087844587413378,-0.0008213450084093624,-0.014725192474034053,0.32243294703356834,0.0,0.954486545493276,0.9774257747503798,5586.589099391878,123.9034711034831,608.6944534225984,9.286000400475672,351.17660192574897,382.12603029559585,-0.00024518758344235515,94.4548942067682,14024.465660348744,DDOS-ICMP_FRAGMENTATION,ping -f -s 65000 -c 10000 TARGET_IP
8.58129921363632,5.675795374121292,76.7984035488486,55943.666818192476,0.23518338962393853,0.15817151956336234,-0.08051419660891403,0.552971689406949,0.541619362331285,-0.0064514757682320924,0.0,0.5995788757807414,-57.17713813180743,19.744190682430016,20.297736511080863,-0.030633394581656488,0.11280413308238046,0.00191715531461573,0.0,0.0,0.0,0.0,1.4408146744761812,-0.15265716462286075,2.796524362773934e-05,0.03376989295959712,0.5609762357576197,0.0,1.0129025304189256,1.0215952895256712,1225.0005958013953,47.508708045592655,1466.7649583833477,26.752726553790964,131.87872629848204,457.081155478024,0.0004932747733007127,82.91072582596014,-91825.76581141456,DDOS-UDP_FLOOD,while true; do nc TARGET_IP PORT < /dev/zero; done
-4.733609339762179,15.830117346778962,64.9736336039556,174551.54616424156,0.11437181863674936,0.5126936951911848,0.16677314315449038,-0.25844001907244385,0.4524620117373179,0.014447719546385095,0.0,-16.535553831722083,8.582657864821579,57.001688689837195,17.71848607325255,-0.4044722147784968,0.1129899633322157,0.003503593836778518,0.0,0.0,0.0,0.0,0.21487182149641998,0.37239400424075564,-0.00047344902706497675,-0.02607086196795981,-0.4699389956091621,0.0,1.007273172178042,0.9884809091356475,7715.153766714325,89.51357840279833,-392.9805698346165,-43.705161721012416,366.8050974101216,42.93306579285999,-0.0007481426126194105,110.05506176221871,61696.48977568651,DDOS-ICMP_FLOOD,while true; do nc TARGET_IP PORT < /dev/zero; done
3.463617769528204,8.189381839660511,59.97496078482878,101874.20388565704,-0.14010982543879585,0.7924845207575056,0.15735588528973243,0.41522432814820776,0.5003650219478561,0.011308056328441177,0.0,36.13105113501367,45.7254628275312,49.67285171190405,43.55127184262898,0.31262079704048146,-0.34288282088927247,0.00202137376456959,0.0,0.0,0.0,0.0,0.1894722550824277,0.9507379039222756,-0.0007983265375246608,0.022266889937731356,0.31517148846517906,0.0,0.9433960807893922,0.9935119129366912,-3331.753128864376,116.42618451338909,227.4943012909925,275.597093418526,81.81709337048073,27.556588214442158,0.00044051030009408545,71.13640438244245,-80867.92286454751,DDOS-PSHACK_FLOOD,python3 flood.py -t 10.0.0.2 -p 53 --rate 10000
24.967679700565235,17.116595744361714,63.42951928456747,65470.37860884927,-0.08331308453565404,0.11126719712790319,0.6183385401146608,-0.5066455321561348,0.6066551855955458,0.0022238265248408174,0.0,9.51473488886911,24.610009083076687,11.14507200405542,46.24582324243165,0.013856312059832517,0.4404059394839065,0.005153710000923249,0.0,0.0,0.0,0.0,0.3575690501343624,-0.5085385900867703,0.0016313538888020958,0.04662307266348644,0.5739653656485265,0.0,0.9575874209678445,0.9828394871035182,6864.025254115419,78.42980552693685,284.20993996177685,159.32810578993946,125.96738276445151,270.89087938702824,0.0009459022617458004,43.22595832891506,68112.15621968014,DDOS-ICMP_FLOOD,ping -f -s 65000 -c 10000 TARGET_IP
